-- address table
INSERT INTO address (address_id, delivery_address1, delivery_address2, delivery_city, delivery_zipcode) VALUES
(1, '607 Trails End Road', NULL, 'Manchester', '6042'),
(2, '25 Cliffside Drive', NULL, 'Manchester', '6042'),
(3, '56 Concord Road', NULL, 'Manchester', '6042'),
(4, '82 Lookout Mountain Drive', NULL, 'Manchester', '6040'),
(5, '21 Carver Lane', NULL, 'Manchester', '6040'),
(6, '61 Plymouth Lane', NULL, 'Manchester', '6040'),
(7, '265 Slater Street', NULL, 'Manchester', '6042'),
(8, '159 Adams Street', NULL, 'Manchester', '6040'),
(9, '66 Pine Street', NULL, 'Manchester', '6040'),
(10, '18 Cambridge Street', NULL, 'Manchester', '6042'),
(11, '310 Timrod Road', NULL, 'Manchester', '6040'),
(12, '44 Downey Drive', NULL, 'Manchester', '6040'),
(13, '31 Buckland Hills Drive', NULL, 'Manchester', '6042'),
(14, '194 Buckland Hills Drive', NULL, 'Manchester', '6042'),
(15, '742 Evergreen Terrace', NULL, 'Springfield', '98242'),
(16, '308 Negra Arroyo Lane', NULL, 'Albuquerque', '87101'),
(17, '1640 Riverside Drive', NULL, 'Hill Valley', '90382'),
(18, '31 Spooner Street', NULL, 'Quahog', '01234'),
(19, '12 Grimmauld Place', NULL, 'London', 'EC1A1BB'),
(20, '4 Privet Drive', NULL, 'Little Whinging', 'RH19 3HG'),
(21, '221B Baker Street', NULL, 'London', 'NW16XE'),
(22, '90 Bedford Street', NULL, 'New York', '10014'),
(23, '129 West 81st Street', NULL, 'New York', '10024'),
(24, '10 Stigwood Avenue', NULL, 'Brooklyn', '11209'),
(25, '1329 Carroll Ave', NULL, 'Los Angeles', '90026'),
(26, '5161 Richmond Street', NULL, 'Philadelphia', '19103'),
(27, '185 West Houston Street', NULL, 'New York', '10014'),
(28, '112 1/2 Beacon Street', NULL, 'Boston', '02116'),
(29, '0001 Cemetery Lane', NULL, 'Westfield', '07090'),
(30, '124 Conch Street', NULL, 'Bikini Bottom', '14201')

-- customers table
INSERT INTO customers (cust_id, cust_firstname, cust_lastname) VALUES
(1, 'John', 'Doe'),
(2, 'Jane', 'Doe'),
(3, 'Jim', 'Beam'),
(4, 'Jill', 'Valentine'),
(5, 'Jack', 'Sparrow'),
(6, 'Jessica', 'Jones'),
(7, 'Jeremy', 'Clarkson'),
(8, 'Julia', 'Roberts'),
(9, 'Jason', 'Bourne'),
(10, 'Jasmine', 'Rice'),
(11, 'Jacob', 'Black'),
(12, 'Jennifer', 'Lawrence'),
(13, 'James', 'Bond'),
(14, 'Janet', 'Jackson'),
(15, 'Joseph', 'Gordon-Levitt'),
(16, 'Jada', 'Pinkett Smith'),
(17, 'Jon', 'Snow'),
(18, 'Joanna', 'Dark'),
(19, 'Jude', 'Law'),
(20, 'Janelle', 'Monáe'),
(21, 'Jake', 'Gyllenhaal'),
(22, 'Jolene', 'Dolly'),
(23, 'Joey', 'Tribbiani'),
(24, 'Jenny', 'Fromdablock'),
(25, 'Javier', 'Bardem'),
(26, 'Joaquin', 'Phoenix'),
(27, 'Jean', 'Grey'),
(28, 'Jordan', 'Belfort'),
(29, 'Jesse', 'Pinkman'),
(30, 'June', 'Carter')

-- ingredient table
INSERT INTO ingredient (ing_id, ing_name, ing_weight, ing_meas, ing_price) VALUES
('ING001', 'Pizza dough ball (8 pack)', 2000, 'grams', 4.22),
('ING002', 'Tomato sauce', 4500, 'grams', 3.89),
('ING003', 'Mozzarella cheese', 2500, 'grams', 14.45),
('ING004', 'Dried oregano', 500, 'grams', 5.99),
('ING005', 'Spicy salami', 3500, 'grams', 37.64),
('ING006', 'Chilli pepper', 1000, 'grams', 6.49),
('ING007', 'Eggplant', 1000, 'grams', 1.9),
('ING008', 'Parmesan cheese', 2500, 'grams', 18.75),
('ING009', 'Gorgonzola cheese', 3500, 'grams', 27.64),
('ING010', 'Ricotta cheese', 1500, 'grams', 3.99),
('ING011', 'Anchovies', 1000, 'grams', 10.99),
('ING012', 'Capers', 1000, 'grams', 4.16),
('ING013', 'Pepperoni', 2500, 'grams', 24.18),
('ING014', 'Shrimp', 1000, 'grams', 8.98),
('ING015', 'Tuna', 2000, 'grams', 7.66),
('ING016', 'Calamari', 2500, 'grams', 28.77),
('ING017', 'Ham', 5000, 'grams', 32.45),
('ING018', 'Pineapple', 5000, 'grams', 6.23),
('ING019', 'Garlic and parsley butter', 3000, 'grams', 52.1),
('ING020', 'Chicken wings', 6000, 'grams', 69.83),
('ING021', 'Rotisserie chicken pieces', 5000, 'grams', 34.45),
('ING022', 'Croutons', 1250, 'grams', 5.25),
('ING023', 'Romain lettuce', 7500, 'grams', 13.72),
('ING024', 'Caesar dressing', 3800, 'grams', 17.98),
('ING025', 'Vanilla ice cream', 4500, 'millilitres', 15.45),
('ING026', 'Chocolate ice cream', 4500, 'millilitres', 15.45),
('ING027', 'Strawberry ice cream', 4500, 'millilitres', 15.45),
('ING028', 'Sun-dried Tomatoes', 1000, 'grams', 12.30),
('ING029', 'Artichoke Hearts', 1200, 'grams', 9.45),
('ING030', 'Fresh Basil', 300, 'grams', 3.75)

-- inventory table
INSERT INTO inventory (inventory_id, item_id, quantity) VALUES
(1, 'it_001', 20),
(2, 'it_002', 15),
(3, 'it_003', 30),
(4, 'it_019', 35),
(5, 'it_020', 20),
(6, 'it_008', 50),
(7, 'it_023', 40),
(8, 'it_024', 25),
(9, 'it_027', 55),
(10, 'it_025', 42),
(11, 'it_030', 45),
(12, 'it_001', 38),
(13, 'it_004', 10),
(14, 'it_005', 12),
(15, 'it_006', 18),
(16, 'it_007', 22),
(17, 'it_009', 33),
(18, 'it_010', 47),
(19, 'it_011', 52),
(20, 'it_012', 28),
(21, 'it_013', 34),
(22, 'it_014', 41),
(23, 'it_015', 16),
(24, 'it_016', 27),
(25, 'it_017', 13),
(26, 'it_018', 37),
(27, 'it_021', 29),
(28, 'it_022', 31),
(29, 'it_026', 44),
(30, 'it_028', 50)

-- item table
INSERT INTO item (item_id, sku, item_name, item_category, item_size, item_price) VALUES
('it_001', 'PIZZ-MARG-R', 'Pizza Margherita Reg', 'Pizza', 'Regular', 12.00),
('it_002', 'PIZZ-MARG-L', 'Pizza Margherita Large', 'Pizza', 'Large', 14.00),
('it_003', 'PIZZ-DIAV-R', 'Pizza Diavola (hot) Reg', 'Pizza', 'Regular', 16.00),
('it_004', 'PIZZ-DIAV-L', 'Pizza Diavola (hot) Large', 'Pizza', 'Large', 19.00),
('it_005', 'PIZZ-PARM-R', 'Pizza Parmigiana Reg', 'Pizza', 'Regular', 15.00),
('it_006', 'PIZZ-PARM-L', 'Pizza Parmigiana Large', 'Pizza', 'Large', 18.00),
('it_007', 'PIZZ-QUAT-R', 'Pizza Quattro Formaggi Reg', 'Pizza', 'Regular', 16.00),
('it_008', 'PIZZ-QUAT-L', 'Pizza Quattro Formaggi Large', 'Pizza', 'Large', 19.00),
('it_009', 'PIZZ-NAPO-R', 'Pizza Napoletana Reg', 'Pizza', 'Regular', 16.00),
('it_010', 'PIZZ-NAPO-L', 'Pizza Napoletana Large', 'Pizza', 'Large', 18.00),
('it_011', 'PIZZ-PEPP-R', 'Pizza Pepperoni Reg', 'Pizza', 'Regular', 15.00),
('it_012', 'PIZZ-PEPP-L', 'Pizza Pepperoni Large', 'Pizza', 'Large', 17.00),
('it_013', 'PIZZ-SEAF-R', 'Pizza Seafood Reg', 'Pizza', 'Regular', 17.00),
('it_014', 'PIZZ-SEAF-L', 'Pizza Seafood Large', 'Pizza', 'Large', 20.00),
('it_015', 'PIZZ-VEGG-R', 'Pizza Vegetarian Reg', 'Pizza', 'Regular', 13.00),
('it_016', 'PIZZ-VEGG-L', 'Pizza Vegetarian Large', 'Pizza', 'Large', 16.00),
('it_017', 'PIZZ-HAWA-R', 'Pizza Hawaiian Reg', 'Pizza', 'Regular', 14.00),
('it_018', 'PIZZ-HAWA-L', 'Pizza Hawaiian Large', 'Pizza', 'Large', 17.50),
('it_019', 'PIZZ-BUFAL-R', 'Pizza Bufalina Reg', 'Pizza', 'Regular', 15.50),
('it_020', 'PIZZ-BUFAL-L', 'Pizza Bufalina Large', 'Pizza', 'Large', 18.50),
('it_021', 'PIZZ-FUNGI-R', 'Pizza Funghi Reg', 'Pizza', 'Regular', 12.50),
('it_022', 'PIZZ-FUNGI-L', 'Pizza Funghi Large', 'Pizza', 'Large', 15.50),
('it_023', 'PIZZ-FOURC-R', 'Pizza Four Cheese Reg', 'Pizza', 'Regular', 16.00),
('it_024', 'PIZZ-FOURC-L', 'Pizza Four Cheese Large', 'Pizza', 'Large', 19.00),
('it_025', 'PIZZ-BBQCH-R', 'Pizza BBQ Chicken Reg', 'Pizza', 'Regular', 16.50),
('it_026', 'PIZZ-BBQCH-L', 'Pizza BBQ Chicken Large', 'Pizza', 'Large', 20.00),
('it_027', 'PIZZ-MEATL-R', 'Pizza Meat Lovers Reg', 'Pizza', 'Regular', 17.00),
('it_028', 'PIZZ-MEATL-L', 'Pizza Meat Lovers Large', 'Pizza', 'Large', 21.00),
('it_029', 'PIZZ-SUPRE-R', 'Pizza Supreme Reg', 'Pizza', 'Regular', 16.50),
('it_030', 'PIZZ-SUPRE-L', 'Pizza Supreme Large', 'Pizza', 'Large', 20.50)

-- orders table
INSERT INTO orders (row_id, order_id, created_at, item_id, quantity, cust_id, delivery, address_id) VALUES
(1, 109, '2022-08-10 13:22:58', 'it_001', 2, 1, 1, 1),
(2, 110, '2022-08-10 13:53:07', 'it_002', 1, 2, 1, 2),
(3, 111, '2022-08-10 13:32:51', 'it_003', 1, 3, 1, 3),
(4, 111, '2022-08-10 13:32:51', 'it_004', 1, 3, 1, 3),
(5, 112, '2022-08-10 19:19:26', 'it_005', 3, 4, 0, 4),
(6, 112, '2022-08-10 19:19:26', 'it_006', 5, 4, 0, 4),
(7, 112, '2022-08-10 19:19:26', 'it_007', 5, 4, 0, 4),
(8, 112, '2022-08-10 19:19:26', 'it_008', 1, 4, 0, 4),
(9, 112, '2022-08-10 19:19:26', 'it_009', 1, 4, 0, 4),
(10, 113, '2022-08-10 19:19:26', 'it_010', 1, 5, 1, 5),
(11, 113, '2022-08-10 20:45:11', 'it_011', 1, 5, 1, 5),
(12, 113, '2022-08-10 20:45:11', 'it_012', 2, 5, 1, 5),
(13, 113, '2022-08-10 20:45:11', 'it_013', 1, 5, 1, 5),
(14, 113, '2022-08-10 20:45:11', 'it_014', 3, 5, 1, 5),
(15, 114, '2022-08-11 08:30:00', 'it_015', 2, 6, 0, 6),
(16, 114, '2022-08-11 09:15:00', 'it_016', 1, 6, 1, 6),
(17, 115, '2022-08-11 10:05:00', 'it_017', 4, 7, 0, 7),
(18, 116, '2022-08-11 11:20:00', 'it_018', 3, 8, 1, 8),
(19, 117, '2022-08-11 12:45:00', 'it_019', 1, 9, 0, 9),
(20, 118, '2022-08-11 13:50:00', 'it_020', 5, 10, 1, 10),
(21, 119, '2022-08-11 14:35:00', 'it_021', 3, 11, 0, 11),
(22, 120, '2022-08-11 15:10:00', 'it_022', 2, 12, 1, 12),
(23, 121, '2022-08-11 16:20:00', 'it_023', 1, 13, 0, 13),
(24, 122, '2022-08-11 17:30:00', 'it_024', 4, 14, 1, 14),
(25, 123, '2022-08-11 18:00:00', 'it_025', 3, 15, 0, 15),
(26, 124, '2022-08-11 19:45:00', 'it_026', 2, 16, 1, 16),
(27, 125, '2022-08-11 20:30:00', 'it_027', 6, 17, 0, 17),
(28, 126, '2022-08-12 08:15:00', 'it_028', 1, 18, 1, 18),
(29, 127, '2022-08-12 09:25:00', 'it_029', 2, 19, 0, 19),
(30, 128, '2022-08-12 10:40:00', 'it_030', 3, 20, 1, 20)

-- recipe table
INSERT INTO recipe (row_id, recipe_id, ing_id, quantity) VALUES
(1, 'PIZZ-DIAV-L', 'ING001', 2),
(2, 'PIZZ-DIAV-R', 'ING002', 3),
(3, 'PIZZ-MARG-R', 'ING003', 1),
(4, 'PIZZ-MARG-L', 'ING004', 2),
(5, 'PIZZ-NAPO-L', 'ING005', 4),
(6, 'PIZZ-NAPO-R', 'ING006', 2),
(7, 'PIZZ-PEPP-L', 'ING007', 3),
(8, 'PIZZ-PEPP-R', 'ING008', 1),
(9, 'PIZZ-SEAF-L', 'ING009', 2),
(10, 'PIZZ-SEAF-R', 'ING010', 2),
(11, 'PIZZ-VEGG-L', 'ING011', 3),
(12, 'PIZZ-VEGG-R', 'ING012', 1),
(13, 'PIZZ-HAWA-L', 'ING013', 2),
(14, 'PIZZ-HAWA-R', 'ING014', 1),
(15, 'PIZZ-BUFAL-L', 'ING015', 3),
(16, 'PIZZ-BUFAL-R', 'ING016', 1),
(17, 'PIZZ-FUNGI-L', 'ING017', 2),
(18, 'PIZZ-FUNGI-R', 'ING018', 2),
(19, 'PIZZ-FOURC-L', 'ING019', 3),
(20, 'PIZZ-FOURC-R', 'ING020', 1),
(21, 'PIZZ-BBQCH-L', 'ING021', 2),
(22, 'PIZZ-BBQCH-R', 'ING022', 3),
(23, 'PIZZ-MEATL-L', 'ING023', 1),
(24, 'PIZZ-MEATL-R', 'ING024', 2),
(25, 'PIZZ-SUPRE-L', 'ING025', 2),
(26, 'PIZZ-SUPRE-R', 'ING026', 3),
(27, 'PIZZ-PARM-L', 'ING027', 2),
(28, 'PIZZ-PARM-R', 'ING028', 1),
(29, 'PIZZ-QUAT-L', 'ING029', 3),
(30, 'PIZZ-QUAT-R', 'ING030', 2)

-- Rota Table
INSERT INTO rota (row_id, rota_id, date, shift_id, staff_id) VALUES
(1, 101, '2024-04-01', 'shift_1', 'staff_01'),
(2, 102, '2024-04-02', 'shift_2', 'staff_02'),
(3, 103, '2024-04-03', 'shift_3', 'staff_03'),
(4, 104, '2024-04-04', 'shift_4', 'staff_04'),
(5, 105, '2024-04-05', 'shift_5', 'staff_05'),
(6, 106, '2024-04-06', 'shift_6', 'staff_06'),
(7, 107, '2024-04-07', 'shift_7', 'staff_07'),
(8, 108, '2024-04-08', 'shift_8', 'staff_08'),
(9, 109, '2024-04-09', 'shift_9', 'staff_09'),
(11, 111, '2024-04-11', 'shift_11', 'staff_11'),
(12, 112, '2024-04-12', 'shift_12', 'staff_12'),
(13, 113, '2024-04-13', 'shift_13', 'staff_13'),
(14, 114, '2024-04-14', 'shift_14', 'staff_14'),
(15, 115, '2024-04-15', 'shift_15', 'staff_15'),
(16, 116, '2024-04-16', 'shift_16', 'staff_16'),
(17, 117, '2024-04-17', 'shift_17', 'staff_17'),
(18, 118, '2024-04-18', 'shift_18', 'staff_18'),
(19, 119, '2024-04-19', 'shift_19', 'staff_19'),
(20, 120, '2024-04-20', 'shift_20', 'staff_20'),
(21, 121, '2024-04-21', 'shift_21', 'staff_21'),
(22, 122, '2024-04-22', 'shift_22', 'staff_22'),
(23, 123, '2024-04-23', 'shift_23', 'staff_23'),
(24, 124, '2024-04-24', 'shift_24', 'staff_24'),
(25, 125, '2024-04-25', 'shift_25', 'staff_25'),
(26, 126, '2024-04-26', 'shift_26', 'staff_26'),
(27, 127, '2024-04-27', 'shift_27', 'staff_27'),
(28, 128, '2024-04-28', 'shift_28', 'staff_28'),
(29, 129, '2024-04-29', 'shift_29', 'staff_29'),
(30, 130, '2024-04-30', 'shift_30', 'staff_30')

-- Shift Table
INSERT INTO shift (shift_id, day_of_week, start_time, end_time) VALUES
('shift_2', 'Monday', '14:00:00', '22:00:00'),
('shift_3', 'Monday', '22:00:00', '06:00:00'),
('shift_4', 'Tuesday', '08:00:00', '16:00:00'),
('shift_5', 'Tuesday', '12:00:00', '20:00:00'),
('shift_6', 'Tuesday', '22:00:00', '06:00:00'),
('shift_7', 'Wednesday', '08:00:00', '16:00:00'),
('shift_8', 'Wednesday', '16:00:00', '00:00:00'),
('shift_9', 'Wednesday', '00:00:00', '08:00:00'),
('shift_10', 'Thursday', '08:00:00', '16:00:00'),
('shift_11', 'Thursday', '12:00:00', '20:00:00'),
('shift_12', 'Thursday', '16:00:00', '00:00:00'),
('shift_13', 'Thursday', '00:00:00', '08:00:00'),
('shift_14', 'Friday', '08:00:00', '16:00:00'),
('shift_15', 'Friday', '12:00:00', '20:00:00'),
('shift_16', 'Friday', '16:00:00', '00:00:00'),
('shift_17', 'Friday', '00:00:00', '08:00:00'),
('shift_18', 'Saturday', '08:00:00', '16:00:00'),
('shift_19', 'Saturday', '12:00:00', '20:00:00'),
('shift_20', 'Saturday', '16:00:00', '00:00:00'),
('shift_21', 'Saturday', '00:00:00', '08:00:00'),
('shift_22', 'Sunday', '08:00:00', '16:00:00'),
('shift_23', 'Sunday', '12:00:00', '20:00:00'),
('shift_24', 'Sunday', '16:00:00', '00:00:00'),
('shift_25', 'Sunday', '00:00:00', '08:00:00')

-- Staff Table
INSERT INTO staff (staff_id, first_name, last_name, position, hourly_rate) VALUES
('staff_01', 'Alice', 'Smith', 'Waitress', 15.00),
('staff_02', 'Bob', 'Jones', 'Chef', 20.00),
('staff_03', 'Charlie', 'Brown', 'Manager', 25.00),
('staff_04', 'Diana', 'Prince', 'Bartender', 18.00),
('staff_05', 'Edward', 'Norton', 'Host', 14.00),
('staff_06', 'Fiona', 'Gallagher', 'Sous Chef', 22.00),
('staff_07', 'George', 'Bluth', 'Dishwasher', 12.00),
('staff_08', 'Hannah', 'Baker', 'Line Cook', 16.50),
('staff_09', 'Ivan', 'Rakitic', 'Pastry Chef', 19.00),
('staff_11', 'Kyle', 'Broflovski', 'Busser', 13.00),
('staff_12', 'Luna', 'Lovegood', 'Barista', 15.50),
('staff_13', 'Marty', 'McFly', 'Server', 15.00),
('staff_14', 'Nancy', 'Wheeler', 'Cashier', 13.50),
('staff_15', 'Oscar', 'Martinez', 'Bookkeeper', 18.00),
('staff_16', 'Pam', 'Beesly', 'Event Coordinator', 17.00),
('staff_17', 'Quentin', 'Coldwater', 'Sommelier', 20.50),
('staff_18', 'Rachel', 'Green', 'Catering Manager', 23.00),
('staff_19', 'Steve', 'Harrington', 'Delivery Driver', 16.00),
('staff_20', 'Tina', 'Belcher', 'Expeditor', 14.00),
('staff_21', 'Ursula', 'Buffay', 'Cleaner', 12.50),
('staff_22', 'Victor', 'Zsasz', 'Security', 19.00),
('staff_23', 'Walter', 'White', 'Head Chef', 24.00),
('staff_24', 'Xena', 'Warrior Princess', 'Kitchen Manager', 22.00),
('staff_25', 'Ygritte', 'of the Free Folk', 'Sous Chef', 21.00),
('staff_26', 'Zack', 'Morris', 'Bartender', 17.00),
('staff_27', 'April', 'Ludgate', 'Server', 15.00),
('staff_28', 'Marco', 'Polo', 'Chef de Partie', 16.00),
('staff_29', 'Nikola', 'Tesla', 'Inventor of Cooking Techniques', 25.00),
('staff_30', 'Olivia', 'Benson', 'Waitress', 15.00);


select * from address
select * from customers 
select * from ingredient
select * from inventory 
select * from item
select * from orders
select * from recipe
select * from rota 
select * from shift 
select * from staff

SELECT * FROM shift 
ORDER BY CONVERT(INT, SUBSTRING(shift_id, CHARINDEX('_', shift_id) + 1, LEN(shift_id)))

INSERT INTO shift (shift_id, day_of_week, start_time, end_time) VALUES
('shift_26', 'Monday', '14:00:03', '22:00:07'),
('shift_27', 'Tuesday', '16:01:03', '23:04:07'),
('shift_28', 'Friday', '15:04:10', '20:00:07'),
('shift_29', 'Thursday', '16:32:03', '18:00:11'),
('shift_30', 'Wednesday', '20:12:03', '19:24:07')










